{
    "Tag": "Spawn Points",
    "UUID": 14964778866578642001,
    "PrefabUUID": 14964778866578642001,
    "Transform": {
        "Rotation": 0.0,
        "Scale": [
            1.0,
            1.0
        ]
    },
    "Entities": [
        {
            "Tag": "PlayerSpawn0",
            "UUID": 4228852946507038501,
            "Transform": {
                "Position": [
                    -3.6884899139404297,
                    -0.01933000050485134,
                    0.10000000149011612
                ],
                "Rotation": 0.0,
                "Scale": [
                    1.0,
                    1.0
                ]
            }
        },
        {
            "Tag": "PlayerSpawn1",
            "UUID": 779781961570109279,
            "Transform": {
                "Position": [
                    -1.1884900331497192,
                    -0.01933000050485134,
                    0.10000000149011612
                ],
                "Rotation": 0.0,
                "Scale": [
                    1.0,
                    1.0
                ]
            }
        },
        {
            "Tag": "PlayerSpawn2",
            "UUID": 18277456767722596498,
            "Transform": {
                "Position": [
                    1.3115099668502808,
                    -0.01933000050485134,
                    0.10000000149011612
                ],
                "Rotation": 0.0,
                "Scale": [
                    1.0,
                    1.0
                ]
            }
        },
        {
            "Tag": "PlayerSpawn3",
            "UUID": 6669721361522134344,
            "Transform": {
                "Position": [
                    3.8115100860595703,
                    -0.01933000050485134,
                    0.10000000149011612
                ],
                "Rotation": 0.0,
                "Scale": [
                    1.0,
                    1.0
                ]
            }
        }
    ]
}