{
    "Tag": "TestFrame1",
    "UUID": 1971257877241672137,
    "PrefabUUID": 1971257877241672137,
    "Transform": {
        "Rotation": 0.0,
        "Scale": [
            1.0,
            1.0
        ]
    },
    "Script": [
        {
            "ClassName": "TestFrame1Script",
            "Fields": {
                "m_BounceForce": 15.0,
                "m_Interval": 0.699999988079071
            }
        }
    ],
    "Entities": [
        {
            "Tag": "Balls",
            "UUID": 5521481089688524595,
            "Transform": {
                "Position": [
                    0.0,
                    0.0,
                    0.0
                ],
                "Rotation": 0.0,
                "Scale": [
                    1.0,
                    1.0
                ]
            },
            "Entities": [
                {
                    "Tag": "Ball",
                    "UUID": 14596149196641209207,
                    "PrefabUUID": 8825705037770810944,
                    "Transform": {
                        "Position": [
                            -2.646549940109253,
                            -1.3707400560379028,
                            0.10100000351667404
                        ]
                    }
                },
                {
                    "Tag": "Ball",
                    "UUID": 12414504559682079817,
                    "PrefabUUID": 8825705037770810944,
                    "Transform": {
                        "Position": [
                            3.109689950942993,
                            -1.441580057144165,
                            0.10100000351667404
                        ]
                    }
                },
                {
                    "Tag": "Ball",
                    "UUID": 5862236366416448600,
                    "PrefabUUID": 8825705037770810944,
                    "Transform": {
                        "Position": [
                            3.0565500259399414,
                            1.0380200147628784,
                            0.10100000351667404
                        ]
                    }
                },
                {
                    "Tag": "Ball",
                    "UUID": 8492849030633898537,
                    "PrefabUUID": 8825705037770810944,
                    "Transform": {
                        "Position": [
                            -3.0122199058532715,
                            2.3195199966430664,
                            0.10100000351667404
                        ]
                    }
                },
                {
                    "Tag": "Ball",
                    "UUID": 5723520203068875079,
                    "PrefabUUID": 8825705037770810944,
                    "Transform": {
                        "Position": [
                            2.0624499320983887,
                            2.381230115890503,
                            0.10100000351667404
                        ]
                    }
                },
                {
                    "Tag": "Ball",
                    "UUID": 12760988971917993922,
                    "PrefabUUID": 8825705037770810944,
                    "Transform": {
                        "Position": [
                            -0.95728999376297,
                            2.002729892730713,
                            0.10100000351667404
                        ]
                    }
                },
                {
                    "Tag": "Ball",
                    "UUID": 16522013339396598283,
                    "PrefabUUID": 8825705037770810944,
                    "Transform": {
                        "Position": [
                            1.1617100238800049,
                            0.177839994430542,
                            0.10100000351667404
                        ]
                    }
                },
                {
                    "Tag": "Ball",
                    "UUID": 9750081567992004269,
                    "PrefabUUID": 8825705037770810944,
                    "Transform": {
                        "Position": [
                            -1.441390037536621,
                            -0.3130300045013428,
                            0.10100000351667404
                        ]
                    }
                }
            ]
        },
        {
            "Tag": "Walls",
            "UUID": 5112716431700157367,
            "Transform": {
                "Position": [
                    0.0,
                    0.0,
                    0.0
                ],
                "Rotation": 0.0,
                "Scale": [
                    1.0,
                    1.0
                ]
            },
            "Entities": [
                {
                    "Tag": "Wall",
                    "UUID": 1773608715315505895,
                    "Transform": {
                        "Position": [
                            4.280270099639893,
                            -0.10884000360965729,
                            0.0
                        ],
                        "Rotation": -5.0,
                        "Scale": [
                            0.20000000298023224,
                            8.0
                        ]
                    },
                    "Sprite": {
                        "Color": [
                            1.0,
                            1.0,
                            1.0,
                            1.0
                        ]
                    },
                    "Rigidbody": {
                        "Type": 0,
                        "LinearDamping": 0.0,
                        "AngularDamping": 0.0,
                        "GravityScale": 1.0,
                        "IsBullet": false,
                        "FixedRotation": false,
                        "AttachToParent": false
                    },
                    "BoxCollider": {
                        "Size": [
                            1.0,
                            1.0
                        ],
                        "Offset": [
                            0.0,
                            0.0
                        ],
                        "Friction": 0.5,
                        "Restitution": 0.0,
                        "RestitutionThreshold": 0.5,
                        "Density": 0.5,
                        "IsSensor": false,
                        "AttachToParent": false
                    }
                },
                {
                    "Tag": "Wall",
                    "UUID": 14359885674159140304,
                    "Transform": {
                        "Position": [
                            -4.286300182342529,
                            -0.10956999659538269,
                            0.0
                        ],
                        "Rotation": 5.0,
                        "Scale": [
                            0.20000000298023224,
                            8.0
                        ]
                    },
                    "Sprite": {
                        "Color": [
                            1.0,
                            1.0,
                            1.0,
                            1.0
                        ]
                    },
                    "Rigidbody": {
                        "Type": 0,
                        "LinearDamping": 0.0,
                        "AngularDamping": 0.0,
                        "GravityScale": 1.0,
                        "IsBullet": false,
                        "FixedRotation": false,
                        "AttachToParent": false
                    },
                    "BoxCollider": {
                        "Size": [
                            1.0,
                            1.0
                        ],
                        "Offset": [
                            0.0,
                            0.0
                        ],